code,description,chapter,unit,rate_inr,year
2.1.1,Earthwork in excavation by mechanical means in ordinary soil,1 — Earthwork,cum,245.5,2023
2.1.2,Earthwork in excavation by mechanical means in hard soil,1 — Earthwork,cum,312.0,2023
2.1.3,Earthwork in excavation by manual means in ordinary soil,1 — Earthwork,cum,285.0,2023
2.1.4,Filling sand in plinth in layers of 150mm,1 — Earthwork,cum,185.0,2023
2.1.5,Compacting earth in layers,1 — Earthwork,cum,95.0,2023
2.2.1,M20 grade concrete in foundation,2 — Concrete Work,cum,5800.0,2023
2.2.2,M25 grade concrete in RCC,2 — Concrete Work,cum,6200.0,2023
2.2.3,M30 grade concrete in RCC,2 — Concrete Work,cum,6800.0,2023
2.2.4,M35 grade concrete in RCC,2 — Concrete Work,cum,7200.0,2023
2.2.5,Plain cement concrete 1:4:8,2 — Concrete Work,cum,4500.0,2023
2.2.6,Cement concrete 1:2:4,2 — Concrete Work,cum,5200.0,2023
3.1.1,TMT steel Fe500D reinforcement,3 — Reinforced Concrete,kg,75.0,2023
3.1.2,TMT steel Fe415 reinforcement,3 — Reinforced Concrete,kg,72.0,2023
3.1.3,TMT steel Fe550 reinforcement,3 — Reinforced Concrete,kg,78.0,2023
3.1.4,Structural steel section,3 — Reinforced Concrete,kg,85.0,2023
3.1.5,Binding wire for reinforcement,3 — Reinforced Concrete,kg,85.0,2023
4.1.1,First class brickwork in superstructure 230mm,5 — Brick Work,cum,5500.0,2023
4.1.2,First class brickwork in foundation,5 — Brick Work,cum,5200.0,2023
4.1.3,AAC block masonry 200mm,5 — Brick Work,cum,4800.0,2023
4.1.4,AAC block masonry 100mm,5 — Brick Work,cum,4200.0,2023
4.1.5,Second class brickwork,5 — Brick Work,cum,4800.0,2023
4.1.6,Brickbat cobble stone masonry,5 — Brick Work,cum,4100.0,2023
5.1.1,12mm cement plaster internal CM 1:4,10 — Plastering,sqm,220.0,2023
5.1.2,20mm cement plaster external CM 1:4,10 — Plastering,sqm,280.0,2023
5.1.3,12mm cement plaster internal CM 1:3,10 — Plastering,sqm,250.0,2023
5.1.4,20mm cement plaster external CM 1:3,10 — Plastering,sqm,320.0,2023
5.1.5,12mm thick neeru finish plaster,10 — Plastering,sqm,195.0,2023
5.2.1,Granite flooring 600x600x20mm,8 — Flooring,sqm,1500.0,2023
5.2.2,Vitrified tile flooring 600x600,8 — Flooring,sqm,650.0,2023
5.2.3,Ceramic floor tile 300x300,8 — Flooring,sqm,440.0,2023
5.2.4,Marble flooring 25mm thick,8 — Flooring,sqm,1200.0,2023
5.2.5,Kota stone flooring,8 — Flooring,sqm,550.0,2023
5.3.1,White washing with lime,11 — Painting,sqm,35.0,2023
5.3.2,Oil bound distemper two coats,11 — Painting,sqm,85.0,2023
5.3.3,Synthetic enamel paint two coats,11 — Painting,sqm,120.0,2023
5.3.4,Primer coat on wood,11 — Painting,sqm,45.0,2023
5.3.5,Aluminium paint two coats,11 — Painting,sqm,75.0,2023
5.4.1,Wood work in door frame teak,7 — Wood Work,cum,65000.0,2023
5.4.2,Flush door 35mm commercial,7 — Wood Work,nos,2750.0,2023
5.4.3,Flush door 30mm double leaf,7 — Wood Work,nos,3500.0,2023
5.4.4,Plywood panel door,7 — Wood Work,nos,4200.0,2023
5.4.5,Aluminium window,7 — Wood Work,sqm,840.0,2023
5.4.6,MS grill window,7 — Wood Work,sqm,450.0,2023
6.1.1,GI pipe 15mm diameter,12 — Plumbing,rm,185.0,2023
6.1.2,GI pipe 20mm diameter,12 — Plumbing,rm,220.0,2023
6.1.3,GI pipe 25mm diameter,12 — Plumbing,rm,275.0,2023
6.1.4,GI pipe 50mm diameter,12 — Plumbing,rm,350.0,2023
6.1.5,GI pipe 100mm diameter,12 — Plumbing,rm,580.0,2023
6.2.1,CPVC pipe 15mm,12 — Plumbing,rm,125.0,2023
6.2.2,CPVC pipe 20mm,12 — Plumbing,rm,155.0,2023
6.2.3,CPVC pipe 25mm,12 — Plumbing,rm,175.0,2023
6.2.4,PVC pipe 110mm drainage,12 — Plumbing,rm,195.0,2023
6.2.5,CI pipe 100mm,12 — Plumbing,rm,375.0,2023
6.2.6,CI pipe 150mm,12 — Plumbing,rm,485.0,2023
7.1.1,Electric wire 2.5sqmm FR copper,13 — Electrical,rm,115.0,2023
7.1.2,Electric wire 4sqmm FR copper,13 — Electrical,rm,165.0,2023
7.1.3,Electric wire 6sqmm FR copper,13 — Electrical,rm,220.0,2023
7.1.4,Cable 2.5sqmm,13 — Electrical,rm,135.0,2023
7.1.5,Cable 4sqmm,13 — Electrical,rm,185.0,2023
7.2.1,LED bulb 9W BEE rated,13 — Electrical,nos,175.0,2023
7.2.2,LED panel light 12W,13 — Electrical,nos,350.0,2023
7.2.3,Ceiling fan 1200mm,13 — Electrical,nos,1450.0,2023
7.2.4,Switch 6A,13 — Electrical,nos,85.0,2023
7.2.5,Socket 5A,13 — Electrical,nos,95.0,2023
8.1.1,Waterproofing membrane 2mm,14 — Waterproofing,sqm,450.0,2023
8.1.2,Waterproofing with chemical additive,14 — Waterproofing,sqm,320.0,2023
8.1.3,Brickbat coba waterproofing,14 — Waterproofing,sqm,550.0,2023
8.1.4,Terrazo tile waterproofing,14 — Waterproofing,sqm,380.0,2023
8.1.5,Epoxy coating for water tank,14 — Waterproofing,sqm,420.0,2023
9.1.1,RCC slab formwork,3 — Reinforced Concrete,sqm,450.0,2023
9.1.2,Column formwork,3 — Reinforced Concrete,sqm,520.0,2023
9.1.3,Beam formwork,3 — Reinforced Concrete,sqm,480.0,2023
9.1.4,Wall formwork,3 — Reinforced Concrete,sqm,350.0,2023
9.2.1,Scaffolding tubular,15 — Scaffolding,sqm,85.0,2023
9.2.2,Scaffolding bamboo,15 — Scaffolding,sqm,55.0,2023
10.1.1,Dismantling brickwork,16 — Dismantling,cum,1200.0,2023
10.1.2,Dismantling concrete,16 — Dismantling,cum,1800.0,2023
10.1.3,Dismantling flooring,16 — Dismantling,sqm,150.0,2023
10.1.4,Removing debris,16 — Dismantling,cum,650.0,2023
11.1.1,Cement OPC 43 grade,0 — General,tonne,8400.0,2023
11.1.2,Cement OPC 53 grade,0 — General,tonne,8600.0,2023
11.1.3,PPC cement,0 — General,tonne,8100.0,2023
11.1.4,White cement,0 — General,tonne,15000.0,2023
11.2.1,Fine aggregate river sand Zone II,0 — General,cum,1800.0,2023
11.2.2,Coarse aggregate 10mm,0 — General,cum,1950.0,2023
11.2.3,Coarse aggregate 20mm,0 — General,cum,2050.0,2023
11.2.4,Coarse aggregate 40mm,0 — General,cum,1850.0,2023
11.2.5,Brick aggregate 20mm,0 — General,cum,1650.0,2023
11.3.1,Brick first class,0 — General,nos,8.5,2023
11.3.2,Brick second class,0 — General,nos,7.0,2023
11.3.3,AAC block 600x200x200mm,0 — General,nos,85.0,2023
11.3.4,AAC block 600x200x100mm,0 — General,nos,55.0,2023
11.4.1,Steel section ISMC 100,0 — General,kg,72.0,2023
11.4.2,Steel channel ISMC 150,0 — General,kg,74.0,2023
11.4.3,Steel angle ISMB 100,0 — General,kg,73.0,2023
11.4.4,Steel flat 40x6mm,0 — General,kg,75.0,2023
12.1.1,RCC pipe 300mm NP4,12 — Plumbing,rm,485.0,2023
12.1.2,RCC pipe 450mm NP4,12 — Plumbing,rm,680.0,2023
12.1.3,RCC pipe 600mm NP4,12 — Plumbing,rm,920.0,2023
12.2.1,Stoneware pipe 100mm,12 — Plumbing,rm,165.0,2023
12.2.2,Stoneware pipe 150mm,12 — Plumbing,rm,215.0,2023
13.1.1,M Sand 0 to 4.75mm,0 — General,cum,1650.0,2023
13.1.2,P Sand,0 — General,cum,1500.0,2023
13.2.1,Glass pane 4mm,0 — General,sqm,650.0,2023
13.2.2,Glass pane 5mm,0 — General,sqm,780.0,2023
13.2.3,Glass pane 6mm,0 — General,sqm,920.0,2023
13.3.1,Aluminium section for doors,7 — Wood Work,kg,185.0,2023
13.3.2,Aluminium section for windows,7 — Wood Work,kg,175.0,2023
13.3.3,Aluminium glazing bead,7 — Wood Work,rm,45.0,2023
14.1.1,Door closer,7 — Wood Work,nos,650.0,2023
14.1.2,Handle set brass,7 — Wood Work,set,850.0,2023
14.1.3,Lock 65mm,7 — Wood Work,nos,420.0,2023
14.2.1,Soil Stack pipe 100mm,12 — Plumbing,rm,385.0,2023
14.2.2,Vent pipe 75mm,12 — Plumbing,rm,285.0,2023
14.2.3,Rain water pipe 100mm PVC,12 — Plumbing,rm,215.0,2023
15.1.1,Door frame teak 100x60mm,7 — Wood Work,rm,285.0,2023
15.1.2,Door frame sal 100x60mm,7 — Wood Work,rm,245.0,2023
15.1.3,Window frame teak,7 — Wood Work,rm,195.0,2023
16.1.1,DPC 25mm with hot bitumen,14 — Waterproofing,sqm,185.0,2023
16.1.2,DPC 40mm with hot bitumen,14 — Waterproofing,sqm,245.0,2023
16.1.3,Damp proof course brickwork,5 — Brick Work,sqm,165.0,2023
17.1.1,Rammed earth in foundation,1 — Earthwork,cum,165.0,2023
17.1.2,Soling 150mm with bricks,1 — Earthwork,sqm,195.0,2023
17.1.3,Gravel soling,1 — Earthwork,cum,145.0,2023
18.1.1,Centering for circular work,3 — Reinforced Concrete,sqm,520.0,2023
18.1.2,Curved beam formwork,3 — Reinforced Concrete,sqm,580.0,2023
18.2.1,Staircase shuttering,3 — Reinforced Concrete,sqm,650.0,2023
18.2.2,Spiral staircase formwork,3 — Reinforced Concrete,sqm,750.0,2023
19.1.1,Pre-painted GI sheet roofing,9 — Roofing,sqm,385.0,2023
19.1.2,GI sheet roofing,9 — Roofing,sqm,285.0,2023
19.1.3,Tile sheet roofing,9 — Roofing,sqm,245.0,2023
19.1.4,AC sheet roofing,9 — Roofing,sqm,320.0,2023
19.2.1,RCC roof treatment,14 — Waterproofing,sqm,485.0,2023
19.2.2,Integral waterproofing additive,14 — Waterproofing,kg,85.0,2023
20.1.1,Mud phuska in roof,9 — Roofing,cum,125.0,2023
20.1.2,Firaxis insulation,9 — Roofing,sqm,165.0,2023
20.2.1,Polycarbonate sheet 4mm,9 — Roofing,sqm,450.0,2023
20.2.2,Polycarbonate sheet 6mm,9 — Roofing,sqm,580.0,2023
21.1.1,Earthwork in foundation by mechanical means,1 — Earthwork,cum,265.0,2023
21.1.2,Earthwork in rock by mechanical means,1 — Earthwork,cum,485.0,2023
21.1.3,Earthwork in rock by manual means,1 — Earthwork,cum,550.0,2023
21.1.4,Trench excavation 1.5m depth,1 — Earthwork,cum,295.0,2023
21.1.5,Trench excavation 3m depth,1 — Earthwork,cum,385.0,2023
21.2.1,Backfilling with selected material,1 — Earthwork,cum,185.0,2023
21.2.2,Backfilling with sand,1 — Earthwork,cum,195.0,2023
21.2.3,Grouting with cement slurry,1 — Earthwork,cum,650.0,2023
22.1.1,M15 grade concrete,2 — Concrete Work,cum,5100.0,2023
22.1.2,M20 grade concrete for steps,2 — Concrete Work,cum,5800.0,2023
22.1.3,M25 grade concrete for lintels,2 — Concrete Work,cum,6200.0,2023
22.1.4,M30 grade concrete for columns,2 — Concrete Work,cum,6800.0,2023
22.1.5,M35 grade concrete for bridges,2 — Concrete Work,cum,7400.0,2023
22.2.1,Lean concrete 1:5:10,2 — Concrete Work,cum,4200.0,2023
22.2.2,Lean concrete 1:4:8,2 — Concrete Work,cum,4500.0,2023
22.2.3,Grade slab concrete M20,2 — Concrete Work,cum,5800.0,2023
23.1.1,Fe500D TMT bar 10mm,3 — Reinforced Concrete,kg,76.0,2023
23.1.2,Fe500D TMT bar 12mm,3 — Reinforced Concrete,kg,75.0,2023
23.1.3,Fe500D TMT bar 16mm,3 — Reinforced Concrete,kg,74.0,2023
23.1.4,Fe500D TMT bar 20mm,3 — Reinforced Concrete,kg,74.0,2023
23.1.5,Fe500D TMT bar 25mm,3 — Reinforced Concrete,kg,75.0,2023
23.2.1,Fe415 TMT bar 8mm,3 — Reinforced Concrete,kg,73.0,2023
23.2.2,Fe415 TMT bar 10mm,3 — Reinforced Concrete,kg,72.0,2023
23.2.3,Fe415 TMT bar 12mm,3 — Reinforced Concrete,kg,72.0,2023
23.2.4,Fe415 TMT bar 16mm,3 — Reinforced Concrete,kg,71.0,2023
23.2.5,Fe550 TMT bar 10mm,3 — Reinforced Concrete,kg,79.0,2023
23.3.1,MS rod 6mm,3 — Reinforced Concrete,kg,70.0,2023
23.3.2,MS rod 8mm,3 — Reinforced Concrete,kg,71.0,2023
24.1.1,First class brickwork 230mm in CM 1:6,5 — Brick Work,cum,5500.0,2023
24.1.2,First class brickwork 115mm in CM 1:6,5 — Brick Work,cum,4800.0,2023
24.1.3,Second class brickwork 230mm in CM 1:6,5 — Brick Work,cum,4800.0,2023
24.1.4,Second class brickwork 115mm in CM 1:6,5 — Brick Work,cum,4200.0,2023
24.1.5,Third class brickwork,5 — Brick Work,cum,4100.0,2023
24.2.1,AAC block 200mm in CM 1:6,5 — Brick Work,cum,4800.0,2023
24.2.2,AAC block 150mm in CM 1:6,5 — Brick Work,cum,4500.0,2023
24.2.3,AAC block 100mm in CM 1:6,5 — Brick Work,cum,4200.0,2023
24.3.1,Fly ash brickwork 230mm,5 — Brick Work,cum,4600.0,2023
24.3.2,Fly ash brickwork 115mm,5 — Brick Work,cum,4000.0,2023
25.1.1,Stone masonry random rubble,6 — Stone Work,cum,5200.0,2023
25.1.2,Stone masonry coursed rubble,6 — Stone Work,cum,5800.0,2023
25.1.3,Stone masonry ashlar,6 — Stone Work,cum,8500.0,2023
25.1.4,Stone pitching,6 — Stone Work,sqm,320.0,2023
25.1.5,Dry stone pitching,6 — Stone Work,sqm,250.0,2023
26.1.1,Teak wood door frame,7 — Wood Work,cum,65000.0,2023
26.1.2,Sal wood door frame,7 — Wood Work,cum,55000.0,2023
26.1.3,Engineered wood door frame,7 — Wood Work,cum,42000.0,2023
26.2.1,Flush door 30mm commercial,7 — Wood Work,sqm,1850.0,2023
26.2.2,Flush door 35mm commercial,7 — Wood Work,sqm,2200.0,2023
26.2.3,Flush door 30mm BWR grade,7 — Wood Work,sqm,2800.0,2023
26.2.4,Plywood door 6mm,7 — Wood Work,sqm,2400.0,2023
26.3.1,Aluminium door 45mm,7 — Wood Work,sqm,1200.0,2023
26.3.2,Aluminium window 25mm,7 — Wood Work,sqm,840.0,2023
26.3.3,Aluminium partition,7 — Wood Work,sqm,980.0,2023
27.1.1,IPS flooring 25mm,8 — Flooring,sqm,185.0,2023
27.1.2,IPS flooring 40mm,8 — Flooring,sqm,220.0,2023
27.1.3,Mosaic flooring,8 — Flooring,sqm,280.0,2023
27.2.1,Vitrified tile 600x600 double charge,8 — Flooring,sqm,720.0,2023
27.2.2,Vitrified tile 800x800 double charge,8 — Flooring,sqm,950.0,2023
27.2.3,Ceramic wall tile 300x450,8 — Flooring,sqm,320.0,2023
27.2.4,Glazed tile 300x300,8 — Flooring,sqm,280.0,2023
27.3.1,Marble ITAJA,8 — Flooring,sqm,1800.0,2023
27.3.2,Marble Bidasar,8 — Flooring,sqm,1650.0,2023
27.3.3,Marble Dungri,8 — Flooring,sqm,1200.0,2023
27.4.1,Kota stone hand cut,8 — Flooring,sqm,550.0,2023
27.4.2,Kota stone machine cut,8 — Flooring,sqm,480.0,2023
27.5.1,Granite 18mm thick Red,8 — Flooring,sqm,1800.0,2023
27.5.2,Granite 18mm thick Black,8 — Flooring,sqm,1500.0,2023
27.5.3,Granite 18mm thick Grey,8 — Flooring,sqm,1350.0,2023
28.1.1,CGI sheet roofing 0.8mm,9 — Roofing,sqm,320.0,2023
28.1.2,Pre-painted CGI sheet 0.8mm,9 — Roofing,sqm,420.0,2023
28.1.3,Polycarbonate sheet 4mm clear,9 — Roofing,sqm,450.0,2023
28.1.4,Polycarbonate sheet 6mm opal,9 — Roofing,sqm,580.0,2023
28.2.1,Ridge cap CGI,9 — Roofing,rm,185.0,2023
28.2.2,Valley gutter CGI,9 — Roofing,rm,220.0,2023
28.2.3,Flashings CGI,9 — Roofing,rm,165.0,2023
29.1.1,12mm plaster CM 1:3 internal,10 — Plastering,sqm,250.0,2023
29.1.2,12mm plaster CM 1:4 internal,10 — Plastering,sqm,220.0,2023
29.1.3,20mm plaster CM 1:3 external,10 — Plastering,sqm,320.0,2023
29.1.4,20mm plaster CM 1:4 external,10 — Plastering,sqm,280.0,2023
29.1.5,6mm plaster ceiling CM 1:3,10 — Plastering,sqm,195.0,2023
29.2.1,Rounded edge plaster,10 — Plastering,rm,85.0,2023
29.2.2,Grooved plaster,10 — Plastering,rm,95.0,2023
29.2.3,Sand faced plaster,10 — Plastering,sqm,350.0,2023
30.1.1,White wash two coats,11 — Painting,sqm,45.0,2023
30.1.2,Acrylic distemper two coats,11 — Painting,sqm,65.0,2023
30.1.3,Oil bound distemper two coats,11 — Painting,sqm,85.0,2023
30.1.4,Plastic emulsion two coats,11 — Painting,sqm,120.0,2023
30.1.5,Textured paint,11 — Painting,sqm,185.0,2023
30.2.1,Synthetic enamel two coats on wood,11 — Painting,sqm,150.0,2023
30.2.2,Synthetic enamel two coats on steel,11 — Painting,sqm,135.0,2023
30.2.3,Aluminium paint two coats,11 — Painting,sqm,75.0,2023
30.2.4,Epoxy paint two coats,11 — Painting,sqm,220.0,2023
30.3.1,Primer on wood,11 — Painting,sqm,45.0,2023
30.3.2,Primer on steel,11 — Painting,sqm,55.0,2023
30.3.3,Primer on wall,11 — Painting,sqm,35.0,2023
31.1.1,GI pipe 15mm heavy class,12 — Plumbing,rm,185.0,2023
31.1.2,GI pipe 20mm heavy class,12 — Plumbing,rm,220.0,2023
31.1.3,GI pipe 25mm heavy class,12 — Plumbing,rm,275.0,2023
31.1.4,GI pipe 40mm heavy class,12 — Plumbing,rm,385.0,2023
31.1.5,GI pipe 50mm heavy class,12 — Plumbing,rm,450.0,2023
31.2.1,CPVC pipe 15mm,12 — Plumbing,rm,125.0,2023
31.2.2,CPVC pipe 20mm,12 — Plumbing,rm,155.0,2023
31.2.3,CPVC pipe 25mm,12 — Plumbing,rm,175.0,2023
31.2.4,CPVC pipe 32mm,12 — Plumbing,rm,245.0,2023
31.2.5,CPVC pipe 40mm,12 — Plumbing,rm,315.0,2023
31.3.1,PVC pipe 110mm SWR,12 — Plumbing,rm,195.0,2023
31.3.2,PVC pipe 160mm SWR,12 — Plumbing,rm,285.0,2023
31.3.3,PVC pipe 90mm SWR,12 — Plumbing,rm,165.0,2023
32.1.1,CI pipe 100mm class LA,12 — Plumbing,rm,450.0,2023
32.1.2,CI pipe 150mm class LA,12 — Plumbing,rm,620.0,2023
32.1.3,CI pipe 200mm class LA,12 — Plumbing,rm,820.0,2023
32.1.4,CI pipe 250mm class LA,12 — Plumbing,rm,1050.0,2023
32.2.1,Sluice valve 100mm,12 — Plumbing,nos,1850.0,2023
32.2.2,Sluice valve 150mm,12 — Plumbing,nos,2800.0,2023
32.2.3,Check valve 100mm,12 — Plumbing,nos,1450.0,2023
32.2.4,Ball valve 50mm,12 — Plumbing,nos,850.0,2023
33.1.1,GI wire 10SWG,13 — Electrical,kg,95.0,2023
33.1.2,GI wire 12SWG,13 — Electrical,kg,105.0,2023
33.1.3,Copper wire 2.5sqmm FR,13 — Electrical,rm,115.0,2023
33.1.4,Copper wire 4sqmm FR,13 — Electrical,rm,165.0,2023
33.1.5,Copper wire 6sqmm FR,13 — Electrical,rm,220.0,2023
33.2.1,PVC conduit 20mm,13 — Electrical,rm,45.0,2023
33.2.2,PVC conduit 25mm,13 — Electrical,rm,55.0,2023
33.2.3,GI conduit 20mm,13 — Electrical,rm,85.0,2023
33.3.1,DB 8 way surface,13 — Electrical,nos,450.0,2023
33.3.2,DB 12 way surface,13 — Electrical,nos,580.0,2023
33.3.3,DB 8 way flush,13 — Electrical,nos,520.0,2023
33.4.1,MCB 6A single pole,13 — Electrical,nos,85.0,2023
33.4.2,MCB 16A single pole,13 — Electrical,nos,95.0,2023
33.4.3,MCB 32A triple pole,13 — Electrical,nos,320.0,2023
33.4.4,RCCB 30mA 40A,13 — Electrical,nos,850.0,2023
34.1.1,Membrane waterproofing 1.5mm,14 — Waterproofing,sqm,350.0,2023
34.1.2,Membrane waterproofing 2mm,14 — Waterproofing,sqm,450.0,2023
34.1.3,Membrane waterproofing 3mm,14 — Waterproofing,sqm,580.0,2023
34.2.1,Brickbat coba 50mm,14 — Waterproofing,sqm,550.0,2023
34.2.2,Brickbat coba 75mm,14 — Waterproofing,sqm,680.0,2023
34.2.3,Terrazo waterproofing,14 — Waterproofing,sqm,420.0,2023
34.3.1,Integral waterproofing compound,14 — Waterproofing,kg,85.0,2023
34.3.2,APCU additive,14 — Waterproofing,kg,120.0,2023
34.4.1,Epoxy grout for water tank,14 — Waterproofing,sqm,480.0,2023
34.4.2,Coal tar epoxy coating,14 — Waterproofing,sqm,350.0,2023
35.1.1,Scaffolding tubular steel,15 — Scaffolding,sqm,85.0,2023
35.1.2,Scaffolding bamboo,15 — Scaffolding,sqm,55.0,2023
35.1.3,Scaffolding cup lock system,15 — Scaffolding,sqm,120.0,2023
35.2.1,Platform scaffolding,15 — Scaffolding,sqm,95.0,2023
35.2.2,Cantilever scaffolding,15 — Scaffolding,sqm,150.0,2023
36.1.1,Dismantling brickwork manually,16 — Dismantling,cum,1200.0,2023
36.1.2,Dismantling brickwork mechanically,16 — Dismantling,cum,850.0,2023
36.1.3,Dismantling concrete manually,16 — Dismantling,cum,1800.0,2023
36.1.4,Dismantling concrete mechanically,16 — Dismantling,cum,1250.0,2023
36.1.5,Dismantling RCC,16 — Dismantling,cum,2200.0,2023
36.2.1,Dismantling flooring tiles,16 — Dismantling,sqm,150.0,2023
36.2.2,Dismantling plaster,16 — Dismantling,sqm,85.0,2023
36.2.3,Dismantling woodwork,16 — Dismantling,cum,3500.0,2023
36.2.4,Removing debris,16 — Dismantling,cum,650.0,2023
37.1.1,Cement OPC 33 grade,0 — General,tonne,8200.0,2023
37.1.2,Cement OPC 43 grade,0 — General,tonne,8400.0,2023
37.1.3,Cement OPC 53 grade,0 — General,tonne,8600.0,2023
37.1.4,PPC cement grade 33,0 — General,tonne,7900.0,2023
37.1.5,PPC cement grade 43,0 — General,tonne,8100.0,2023
37.2.1,PSC cement,0 — General,tonne,9500.0,2023
37.2.2,White cement,0 — General,tonne,15000.0,2023
37.2.3,Tile adhesive cement,0 — General,tonne,12000.0,2023
38.1.1,River sand Zone I,0 — General,cum,1900.0,2023
38.1.2,River sand Zone II,0 — General,cum,1800.0,2023
38.1.3,River sand Zone III,0 — General,cum,1700.0,2023
38.1.4,M Sand 0 to 4.75mm,0 — General,cum,1650.0,2023
38.1.5,P Sand,0 — General,cum,1500.0,2023
38.2.1,Coarse aggregate 10mm,0 — General,cum,1950.0,2023
38.2.2,Coarse aggregate 12.5mm,0 — General,cum,2000.0,2023
38.2.3,Coarse aggregate 20mm,0 — General,cum,2050.0,2023
38.2.4,Coarse aggregate 40mm,0 — General,cum,1850.0,2023
38.2.5,Brick aggregate 20mm,0 — General,cum,1650.0,2023
39.1.1,Brick first class,0 — General,nos,8.5,2023
39.1.2,Brick second class,0 — General,nos,7.0,2023
39.1.3,Brick third class,0 — General,nos,5.5,2023
39.1.4,Fire brick,0 — General,nos,25.0,2023
39.2.1,AAC block 600x200x200mm,0 — General,nos,85.0,2023
39.2.2,AAC block 600x200x150mm,0 — General,nos,70.0,2023
39.2.3,AAC block 600x200x100mm,0 — General,nos,55.0,2023
39.2.4,AAC block 600x200x75mm,0 — General,nos,45.0,2023
39.3.1,Fly ash brick 230x110x75mm,0 — General,nos,6.5,2023
39.3.2,CSEB brick 230x110x75mm,0 — General,nos,5.0,2023
40.1.1,MS structural steel sections,0 — General,kg,85.0,2023
40.1.2,MS plate 10mm,0 — General,kg,88.0,2023
40.1.3,MS plate 6mm,0 — General,kg,86.0,2023
40.1.4,MS plate 5mm,0 — General,kg,85.0,2023
40.1.5,MS plate 4mm,0 — General,kg,84.0,2023
40.2.1,GI sheet 1mm,0 — General,kg,92.0,2023
40.2.2,GI sheet 0.8mm,0 — General,kg,90.0,2023
40.2.3,GI sheet 0.6mm,0 — General,kg,88.0,2023
41.1.1,Glass 4mm clear,0 — General,sqm,650.0,2023
41.1.2,Glass 5mm clear,0 — General,sqm,780.0,2023
41.1.3,Glass 6mm clear,0 — General,sqm,920.0,2023
41.1.4,Glass 8mm tinted,0 — General,sqm,1100.0,2023
41.1.5,Glass 10mm tinted,0 — General,sqm,1350.0,2023
41.2.1,Aluminium section for door,0 — General,kg,185.0,2023
41.2.2,Aluminium section for window,0 — General,kg,175.0,2023
41.2.3,Aluminium section for partition,0 — General,kg,180.0,2023
42.1.1,Plywood 6mm BWR,0 — General,sqm,850.0,2023
42.1.2,Plywood 9mm BWR,0 — General,sqm,1150.0,2023
42.1.3,Plywood 12mm BWR,0 — General,sqm,1450.0,2023
42.1.4,Plywood 15mm BWR,0 — General,sqm,1750.0,2023
42.2.1,Block board 19mm,0 — General,sqm,1800.0,2023
42.2.2,Veneered board 12mm,0 — General,sqm,950.0,2023
43.1.1,Door lock 65mm Godrej,0 — General,nos,420.0,2023
43.1.2,Door lock 75mm Godrej,0 — General,nos,520.0,2023
43.1.3,Mortice lock,0 — General,nos,850.0,2023
43.1.4,Night latch,0 — General,nos,380.0,2023
43.2.1,Handle brass 100mm,0 — General,set,650.0,2023
43.2.2,Handle aluminium,0 — General,set,180.0,2023
43.3.1,Door closer universal,0 — General,nos,650.0,2023
43.3.2,Floor door stop,0 — General,nos,85.0,2023
44.1.1,RCC Hume pipe 300mm NP3,0 — General,rm,485.0,2023
44.1.2,RCC Hume pipe 450mm NP3,0 — General,rm,680.0,2023
44.1.3,RCC Hume pipe 600mm NP3,0 — General,rm,920.0,2023
44.1.4,RCC Hume pipe 900mm NP3,0 — General,rm,1450.0,2023
44.2.1,Stoneware pipe 100mm,0 — General,rm,165.0,2023
44.2.2,Stoneware pipe 150mm,0 — General,rm,215.0,2023
45.1.1,CI manhole cover 600x600,0 — General,nos,850.0,2023
45.1.2,CI manhole cover 600x900,0 — General,nos,1250.0,2023
45.1.3,CI ladder rung,0 — General,nos,185.0,2023
45.2.1,RCC chamber cover,0 — General,nos,450.0,2023
46.1.1,HDPE pipe 63mm 6kg,12 — Plumbing,rm,285.0,2023
46.1.2,HDPE pipe 90mm 6kg,12 — Plumbing,rm,420.0,2023
46.1.3,HDPE pipe 110mm 6kg,12 — Plumbing,rm,520.0,2023
46.1.4,HDPE pipe 63mm 10kg,12 — Plumbing,rm,385.0,2023
46.1.5,HDPE pipe 90mm 10kg,12 — Plumbing,rm,580.0,2023
47.1.1,Water tank 500L FRP,12 — Plumbing,nos,8500.0,2023
47.1.2,Water tank 1000L FRP,12 — Plumbing,nos,14500.0,2023
47.1.3,Water tank 2000L Sintex,12 — Plumbing,nos,18500.0,2023
47.1.4,Water tank 5000L Sintex,12 — Plumbing,nos,28000.0,2023
48.1.1,Sanitary ware set basic,12 — Plumbing,set,8500.0,2023
48.1.2,Sanitary ware set standard,12 — Plumbing,set,15000.0,2023
48.1.3,Sanitary ware set deluxe,12 — Plumbing,set,25000.0,2023
48.2.1,EWC floor mounted,12 — Plumbing,nos,4500.0,2023
48.2.2,EWC wall mounted,12 — Plumbing,nos,6800.0,2023
48.2.3,Orissa pan,12 — Plumbing,nos,1800.0,2023
48.2.4,Wash basin table top,12 — Plumbing,nos,1850.0,2023
48.3.1,Bib cock 15mm brass,12 — Plumbing,nos,285.0,2023
48.3.2,Stop cock 15mm brass,12 — Plumbing,nos,250.0,2023
48.3.3,Angle valve 15mm,12 — Plumbing,nos,320.0,2023
49.1.1,LED bulb 9W,13 — Electrical,nos,175.0,2023
49.1.2,LED bulb 12W,13 — Electrical,nos,220.0,2023
49.1.3,LED bulb 15W,13 — Electrical,nos,280.0,2023
49.1.4,LED downlight 6W,13 — Electrical,nos,350.0,2023
49.1.5,LED downlight 12W,13 — Electrical,nos,480.0,2023
49.2.1,LED panel 12W round,13 — Electrical,nos,350.0,2023
49.2.2,LED panel 18W round,13 — Electrical,nos,480.0,2023
49.2.3,LED panel 12W square,13 — Electrical,nos,380.0,2023
49.3.1,Ceiling fan 1200mm brown,13 — Electrical,nos,1450.0,2023
49.3.2,Ceiling fan 1200mm white,13 — Electrical,nos,1400.0,2023
49.3.3,Ceiling fan 1400mm,13 — Electrical,nos,1650.0,2023
49.4.1,Exhaust fan 150mm,13 — Electrical,nos,850.0,2023
49.4.2,Exhaust fan 200mm,13 — Electrical,nos,1050.0,2023
49.4.3,Exhaust fan 250mm,13 — Electrical,nos,1250.0,2023
50.1.1,Switch 6A white,13 — Electrical,nos,85.0,2023
50.1.2,Switch 16A white,13 — Electrical,nos,120.0,2023
50.1.3,Socket 5A white,13 — Electrical,nos,95.0,2023
50.1.4,Socket 15A white,13 — Electrical,nos,145.0,2023
50.1.5,USB socket 5A,13 — Electrical,nos,320.0,2023
50.2.1,Pedestal fan 450mm,13 — Electrical,nos,1850.0,2023
50.2.2,Wall fan 400mm,13 — Electrical,nos,1450.0,2023
51.1.1,Fire extinguisher 4kg ABC,13 — Electrical,nos,1850.0,2023
51.1.2,Fire extinguisher 6kg ABC,13 — Electrical,nos,2450.0,2023
51.1.3,Fire alarm call point,13 — Electrical,nos,650.0,2023
51.1.4,Smoke detector,13 — Electrical,nos,850.0,2023
51.2.1,Fire alarm panel 8 zone,13 — Electrical,nos,8500.0,2023
51.2.2,Fire alarm panel 16 zone,13 — Electrical,nos,12500.0,2023
52.1.1,CCTV camera dome 2MP,13 — Electrical,nos,1850.0,2023
52.1.2,CCTV camera bullet 2MP,13 — Electrical,nos,2100.0,2023
52.1.3,CCTV DVR 4 channel,13 — Electrical,nos,5500.0,2023
52.1.4,CCTV DVR 8 channel,13 — Electrical,nos,8500.0,2023
52.2.1,RG6 cable,13 — Electrical,rm,35.0,2023
52.2.2,CAT6 cable,13 — Electrical,rm,45.0,2023
53.1.1,MS structural beam ISMB 200,0 — General,kg,86.0,2023
53.1.2,MS structural beam ISMB 300,0 — General,kg,88.0,2023
53.1.3,MS channel ISMC 100,0 — General,kg,84.0,2023
53.1.4,MS channel ISMC 150,0 — General,kg,85.0,2023
53.1.5,MS angle ISMB 100,0 — General,kg,83.0,2023
53.2.1,MS flat 40x6mm,0 — General,kg,82.0,2023
53.2.2,MS flat 50x8mm,0 — General,kg,83.0,2023
53.2.3,MS round 20mm,0 — General,kg,81.0,2023
54.1.1,Bolt M16x150mm,0 — General,nos,85.0,2023
54.1.2,Bolt M20x200mm,0 — General,nos,120.0,2023
54.1.3,Bolt M24x250mm,0 — General,nos,165.0,2023
54.1.4,Nuts and washers M16,0 — General,set,45.0,2023
54.1.5,Nuts and washers M20,0 — General,set,65.0,2023
54.2.1,Washer M16,0 — General,nos,12.0,2023
54.2.2,Washer M20,0 — General,nos,18.0,2023
55.1.1,Welding electrode 3.15mm,0 — General,kg,95.0,2023
55.1.2,Welding electrode 4mm,0 — General,kg,90.0,2023
55.1.3,Welding rod 2.5mm,0 — General,kg,85.0,2023
55.2.1,Cutting disc 14 inch,0 — General,nos,65.0,2023
55.2.2,Grinding disc 100mm,0 — General,nos,45.0,2023
56.1.1,Binding wire GI,0 — General,kg,85.0,2023
56.1.2,Binding wire black,0 — General,kg,75.0,2023
56.2.1,Spacer bar 25mm,0 — General,nos,12.0,2023
56.2.2,Chair bar 10mm,0 — General,nos,18.0,2023
57.1.1,Dowel bar 12mm,3 — Reinforced Concrete,kg,75.0,2023
57.1.2,Lintels reinforcement,3 — Reinforced Concrete,kg,76.0,2023
57.1.3,Stirrups 8mm,3 — Reinforced Concrete,kg,78.0,2023
57.1.4,Cradle reinforcement,3 — Reinforced Concrete,kg,77.0,2023
58.1.1,Centering for slab,3 — Reinforced Concrete,sqm,450.0,2023
58.1.2,Centering for beam,3 — Reinforced Concrete,sqm,480.0,2023
58.1.3,Centering for column,3 — Reinforced Concrete,sqm,520.0,2023
58.1.4,Centering for wall,3 — Reinforced Concrete,sqm,350.0,2023
58.1.5,Centering for footing,3 — Reinforced Concrete,sqm,280.0,2023
58.2.1,Curved centering,3 — Reinforced Concrete,sqm,580.0,2023
58.2.2,Circular centering,3 — Reinforced Concrete,sqm,650.0,2023
59.1.1,Masonry in superstructure,5 — Brick Work,cum,5200.0,2023
59.1.2,Masonry in foundation,5 — Brick Work,cum,4900.0,2023
59.1.3,Masonry in plinth,5 — Brick Work,cum,4800.0,2023
59.2.1,Re-pointing brickwork,5 — Brick Work,sqm,120.0,2023
59.2.2,Toothing brickwork,5 — Brick Work,sqm,85.0,2023
60.1.1,Curing compound,0 — General,ltr,85.0,2023
60.1.2,Talent water barrier,0 — General,sqm,65.0,2023
60.1.3,Curing sheet 150 micron,0 — General,sqm,25.0,2023
60.2.1,Cement mortar 1:1,0 — General,cum,6500.0,2023
60.2.2,Cement mortar 1:2,0 — General,cum,5800.0,2023
60.2.3,Cement mortar 1:3,0 — General,cum,5200.0,2023
60.2.4,Cement mortar 1:4,0 — General,cum,4800.0,2023
60.2.5,Cement mortar 1:5,0 — General,cum,4500.0,2023
60.2.6,Cement mortar 1:6,0 — General,cum,4200.0,2023
60.3.1,Lime mortar 1:2,0 — General,cum,4800.0,2023
60.3.2,Lime mortar 1:3,0 — General,cum,4500.0,2023
61.1.1,Earthwork for road cutting,1 — Earthwork,cum,295.0,2023
61.1.2,Earthwork in hill cutting,1 — Earthwork,cum,385.0,2023
61.1.3,Grading and rolling,1 — Earthwork,sqm,45.0,2023
61.2.1,Sub grade consolidation,1 — Earthwork,sqm,35.0,2023
61.2.2,Sub base preparation,1 — Earthwork,cum,185.0,2023
62.1.1,M40 grade concrete pumpable,2 — Concrete Work,cum,7800.0,2023
62.1.2,M45 grade concrete pumpable,2 — Concrete Work,cum,8400.0,2023
62.1.3,Self compacting concrete M35,2 — Concrete Work,cum,8500.0,2023
62.2.1,Ready mix concrete M20,2 — Concrete Work,cum,6500.0,2023
62.2.2,Ready mix concrete M25,2 — Concrete Work,cum,7100.0,2023
62.2.3,Ready mix concrete M30,2 — Concrete Work,cum,7800.0,2023
63.1.1,HYSD bar 10mm Fe500,3 — Reinforced Concrete,kg,77.0,2023
63.1.2,HYSD bar 12mm Fe500,3 — Reinforced Concrete,kg,76.0,2023
63.1.3,HYSD bar 16mm Fe500,3 — Reinforced Concrete,kg,75.0,2023
63.1.4,HYSD bar 20mm Fe500,3 — Reinforced Concrete,kg,75.0,2023
63.1.5,HYSD bar 25mm Fe500,3 — Reinforced Concrete,kg,76.0,2023
63.2.1,Stirrups bar 8mm,3 — Reinforced Concrete,kg,80.0,2023
63.2.2,Stirrups bar 10mm,3 — Reinforced Concrete,kg,79.0,2023
64.1.1,Masonry in CM 1:3,5 — Brick Work,cum,5400.0,2023
64.1.2,Masonry in CM 1:4,5 — Brick Work,cum,5200.0,2023
64.1.3,Masonry in CM 1:5,5 — Brick Work,cum,5000.0,2023
64.1.4,Masonry in CM 1:6,5 — Brick Work,cum,4800.0,2023
64.1.5,Masonry in CM 1:8,5 — Brick Work,cum,4500.0,2023
65.1.1,Damp proof course 20mm,14 — Waterproofing,sqm,165.0,2023
65.1.2,Damp proof course 25mm,14 — Waterproofing,sqm,185.0,2023
65.1.3,Damp proof course 40mm,14 — Waterproofing,sqm,245.0,2023
65.2.1,Injection grouting for waterproofing,14 — Waterproofing,sqm,380.0,2023
65.2.2,Silicon sealent for cracks,14 — Waterproofing,rm,120.0,2023
66.1.1,Soil poisoning for termite control,0 — General,sqm,85.0,2023
66.1.2,Chemical treatment to wood,7 — Wood Work,sqm,95.0,2023
66.2.1,Fire retardant treatment to wood,7 — Wood Work,sqm,150.0,2023
66.2.2,Fire retardant paint two coats,11 — Painting,sqm,185.0,2023
67.1.1,Paver block 60mm thick,0 — General,sqm,350.0,2023
67.1.2,Paver block 80mm thick,0 — General,sqm,420.0,2023
67.1.3,Interlocking tile,0 — General,sqm,280.0,2023
67.2.1,Kerb stone 250x300,0 — General,rm,145.0,2023
67.2.2,Channel drain,0 — General,rm,185.0,2023
68.1.1,Road marking paint,11 — Painting,sqm,95.0,2023
68.1.2,Reflectorized road marking,11 — Painting,sqm,165.0,2023
68.2.1,Cat eye road stud,0 — General,nos,185.0,2023
69.1.1,Sign board 600x450mm,0 — General,nos,850.0,2023
69.1.2,Sign board 900x600mm,0 — General,nos,1250.0,2023
69.1.3,GI post for sign,0 — General,nos,450.0,2023
